group_id,group_by,metric_num_samples,metric_avg_length_in_chars,metric_avg_length_in_words,metric_avg_length_in_unique_words,metric_avg_length_in_concepts,metric_avg_length_in_sentences,metric_avg_word_length_in_chars,metric_avg_sentence_length_in_chars,metric_avg_sentence_length_in_words,metric_avg_sentence_length_in_unique_words,metric_avg_dsi,metric_avg_surprise,metric_avg_raw_surprises,metric_avg_n_gram_diversity,metric_avg_pos_diversity,metric_avg_dependency_num_clauses,metric_avg_max_dependency_num_clauses,metric_avg_dependency_path_length,metric_avg_max_dependency_path_length,metric_avg_inv_homogen,metric_avg_novelty,metric_avg_theme_uniqueness,metric_corpus_dsi,metric_corpus_n_gram_diversity,metric_corpus_pos_diversity,metric_num_unique_stories
"['gpt-4', 'low']","['model', 'semantic_distance']",48,879.0416666666666,152.08333333333334,101.97916666666667,70.79166666666667,5,4.663236573663411,175.01666666666665,30.416666666666668,25.95,0.2146261068246098,0.012839867343435866,"[0.006821590440487676, 0.006663008609360298, 0.005924114407542011, 0.006271021229481747]","[0.6723862817632461, 0.9657860825046698, 0.9986234385515855, 0.999719781205165, 1.0]","[0.08207789993171048, 0.32425603360835137, 0.6139348547066675, 0.816482830559092, 0.925275800218722]",3.8875,6.5,3.6883487372390333,11.229166666666666,0.13812953984061033,0.008159750997508973,0.25,0.21867766098034744,"[0.2354794520547945, 0.6796821482394848, 0.8816114003836668, 0.9268192407838838, 0.944078947368421]","[0.002054794520547945, 0.01959172489382107, 0.09235406960811181, 0.24845827052213237, 0.45079495614035087]",48
"['gpt-4', 'high']","['model', 'semantic_distance']",48,840.5833333333334,144.97916666666666,97.29166666666667,66.95833333333333,5,4.679968695089729,167.325,28.995833333333334,24.7,0.21491985912236,0.009779787446631374,"[0.005083251878127047, 0.004785639675224559, 0.004497923791837885, 0.005192759548073258]","[0.6728233881595506, 0.9649621482543511, 0.9976252884307301, 1.0, 1.0]","[0.08409072714844985, 0.3273015443211195, 0.6069596138266156, 0.8099533892063266, 0.9246399749528543]",3.8875,6.479166666666667,3.6326712211009995,10.604166666666666,0.12454846052201927,0.005856534350331913,0.16666666666666666,0.21781266436068103,"[0.21324903003305073, 0.6335153779821788, 0.8417421302285468, 0.9074180563542266, 0.9321351545650611]","[0.0021554821094984912, 0.020551882724920954, 0.09170619519908006, 0.23648648648648649, 0.4199856218547807]",48
