group_id,group_by,metric_num_samples,metric_avg_length_in_chars,metric_avg_length_in_words,metric_avg_length_in_unique_words,metric_avg_length_in_concepts,metric_avg_length_in_sentences,metric_avg_word_length_in_chars,metric_avg_sentence_length_in_chars,metric_avg_sentence_length_in_words,metric_avg_sentence_length_in_unique_words,metric_avg_dsi,metric_avg_surprise,metric_avg_raw_surprises,metric_avg_n_gram_diversity,metric_avg_pos_diversity,metric_avg_dependency_num_clauses,metric_avg_max_dependency_num_clauses,metric_avg_dependency_path_length,metric_avg_max_dependency_path_length,metric_avg_inv_homogen,metric_avg_novelty,metric_avg_theme_uniqueness,metric_corpus_dsi,metric_corpus_n_gram_diversity,metric_corpus_pos_diversity,metric_num_unique_stories
"['gpt-4', 'low']","['model', 'semantic_distance']",48,866.1041666666666,149.16666666666666,100.0625,69.45833333333333,5,4.686405242383374,172.42916666666667,29.833333333333332,25.441666666666666,0.2144330154613199,0.011831009526960147,"[0.006345783897278088, 0.005848276273828198, 0.005621588394019667, 0.005846370488794341]","[0.6725107054761138, 0.9644833826657329, 0.9979130519531276, 0.9995702562398748, 1.0]","[0.0836679429528161, 0.3253961947418343, 0.6128637803722118, 0.8161813287329429, 0.926972191972616]",3.779166666666667,6.4375,3.6763991806977896,11.166666666666666,0.13780645761929505,0.008324378249126846,0.2708333333333333,0.21850758851183186,"[0.23952513966480446, 0.682357871211063, 0.8802738195026544, 0.9276233058544082, 0.9461989938513136]","[0.002094972067039106, 0.02025422545048191, 0.09709416037999441, 0.25122257929299985, 0.45374510899944104]",48
"['gpt-4', 'high']","['model', 'semantic_distance']",48,841.6875,145.125,97.83333333333333,67.29166666666667,5,4.684548345406348,167.54166666666666,29.025,24.841666666666665,0.21486904506082885,0.0105123147169355,"[0.00507515796971537, 0.005442697715822681, 0.0047422349976275315, 0.005764538750705419]","[0.6758157613404406, 0.9678204216942556, 0.9979262856616314, 1.0, 1.0]","[0.08325310608982185, 0.32195381323484856, 0.6011585264484328, 0.8077366541035581, 0.9260429420136338]",3.8916666666666666,6.395833333333333,3.6525871290324066,10.708333333333334,0.12530421391657903,0.006224752052412578,0.20833333333333334,0.21795175457582103,"[0.21202985931668103, 0.6346015793251975, 0.8463526708788053, 0.9135430130690794, 0.9396725079000288]","[0.002153316106804479, 0.019956927494615938, 0.0914704192992533, 0.23136579060749676, 0.4086469405343292]",48
